0,1,2,3,4,5,6,7,8,9,10,11,12,13,14,15,16,17,18,19,20,21,22,23,24,25,26,27,28,29,30,31,32,33,34,35,36,37,38,39,40,41,42,43,44,45,46,47,48,49,50,51,52,53,54,55,56,57,58,59,60,61,62,63,64,65,66,67,68,69,70,71
0.9502410178572166,0.224007783368074,-0.4747770000107967,-0.5991746364730773,0.1739100844181797,0.5372593203156161,0.5309329728395292,0.8571897072366876,1.08337477705981,0.8536344363367498,0.736421031744031,0.8963862252045668,0.954757009292731,1.1766081131510744,1.4737374726859165,1.3546499206489877,0.6933871308929208,0.5846073897992863,0.4967165837609124,0.0351676310302433,0.1601487388652039,-0.650499220090864,-0.8217895873972705,-1.1583563324411332,-1.563680861845088,-0.5943963303864962,0.1002084662777456,0.1801319459744664,-0.624854525910508,-0.076784632541625,-0.3565022384440865,0.0784550477180803,-0.666558705951624,-0.6737830824113551,-0.3406935187905093,-1.151966193561405,-1.53323916409777,-1.3336045164011348,-2.681039539174068,-1.9886212478614536,-2.175217152628956,-2.258734947964079,-2.111576428705737,-1.581623293964261,-1.09012922656797,-0.4330073787882043,-0.7152238479497034,-0.2952987860796787,-0.181601607648437,0.4714595873354915,0.4614239897094495,0.3660756386326971,0.4222599173692417,0.6699976828009244,0.4321750812245098,0.0684331982393247,0.5755451610041251,-0.3263503516426927,-0.4126012786672054,0.0701858120611882,0.4616472596219113,-0.1702538868412134,-0.065263685077873,0.6749453660625115,1.266784411201788,1.2007977034178408,1.1932219243123758,1.3022727788714132,1.620642476107394,1.267208404065503,1.4999529899433672,0.9502410178572166
1.085238463345937,1.002057113744536,0.826076296904486,0.3742095373346584,0.2748048811419968,0.1166625230980938,0.4910717392761917,0.6371343259548009,0.7456894892086855,0.9242166352055076,1.233535217526711,1.91590012076936,2.50044063880305,1.7834197255979396,1.8767565658547256,2.0498101404904694,1.5188188690168456,1.541465881106453,1.0604366511707024,0.6795289118021594,0.9523988926996252,0.5203626129787096,0.1918575895908085,-0.3971714844451281,-0.3624287769542995,-0.8247940258558957,-0.6686816032359056,-0.2139993224750736,-0.5128932221066609,-0.1597501766263353,-0.3895514541600676,-0.1140972297346799,-0.1620862074053011,-0.2798677064624512,-0.0529757249972047,-0.2977440796297497,-1.2159591191566226,-1.2219900317715495,-0.8914052787527016,-1.3941134405051014,-1.6951967686813003,-1.404649844207894,-1.059672290429956,-1.0417271658701106,-0.662149462636424,-0.5923758984351516,-0.4733222458494967,-0.3858717380726661,-0.0580147976665108,0.0962312268500511,0.3327602831377993,0.4927490710495457,0.1523278136167065,0.0760377800894236,-0.6023271570121551,-1.071278637682635,-1.3147369244153984,-1.6225500534451245,-1.7412109131473572,-1.2146902515402855,-1.2437281100068245,-1.5377586068883118,-1.3691556738837902,-0.8978014331414381,-0.4018789327492786,-0.1038664158622879,0.4213441778452589,0.2268608951915144,0.8543285696039321,0.8207144465568353,0.7929866559896939,1.085238463345937
0.510472121011927,0.142634837591369,-0.1833757268634325,-0.3414719734783568,-0.0532068390142158,-0.5427711556904823,-0.3435613538791399,-0.1205528431956441,-0.0010481064673357,0.3294125510199818,0.6031207723999928,1.0182978912779566,1.2902488697969752,0.9793592716901736,0.6158608595317684,0.0129001424227837,0.3642307706802379,-0.4505536414399754,-1.2370052242191232,-0.9313629103507308,-1.1087237453688956,-1.4410039787973463,-1.3553207435564087,-1.692634067648879,-1.3965155762004426,-0.9275147593171872,-1.2161893365624792,-0.4393456036398385,-0.1088632517962628,0.373349428079594,0.3831241105917253,0.5349534382220851,0.2315050043296512,0.0980535464828376,-1.0313207264892634,-1.3396070018388029,-1.449455000020223,-1.9414490846032475,-1.741219648045285,-1.8314342537662027,-1.5653841401635706,-1.1859593204844745,-1.2287717576679995,-1.0642946203089043,-0.4725037467109667,-0.0696490222171354,0.4495525351673763,1.1724207095907826,1.5436884512972409,1.627245639619768,2.073706020296606,1.862111491020988,1.564759171251853,1.1595859006217837,1.3058397786802054,0.7371127558286712,0.5591878675461738,-0.3446084885141723,-0.406208238261935,-0.1304173586760207,-0.2173561165942231,0.7319143602806414,0.1230744726118338,0.3339124494054457,0.2992353958383031,0.927646342887629,1.2412938742345652,1.1253497619298438,1.0403418017232942,0.9775488623784098,1.0571359834962004,0.510472121011927
-0.620131072268498,-0.5108396276465842,-0.1254254071096241,-0.185302701015536,-0.2149133835554453,0.8834777088924717,0.7515670809914947,0.4150565623679613,1.7419785864696729,1.5014324427726589,1.8183564445337888,2.1045033861259186,2.025138958513021,1.9890725999377807,1.6679956509989882,1.9608985326284043,1.7118549176846765,1.4256386193370096,1.311923989935993,0.6943063129704934,0.5260337144698957,0.1352354643484293,-0.4283046659204009,-0.5566721786021395,-0.2719364778176018,-0.4877708941789354,-0.1955886461535747,-0.4821052085029877,0.9034884015207326,0.9082579471694552,1.0249959390324084,0.8689741117990184,0.9220561353126192,1.3093920454599624,0.8907292959857968,0.4449226807627744,0.1166393957845089,-0.2724473495274092,-0.5692929935334311,-1.077554521099049,-0.7089851110546367,-0.8010807323372338,-0.7828593594147564,-1.1904723936284678,-1.250830109936865,-0.5995921687418163,-0.0979157267672455,-0.2077569505474012,-0.0691597393644676,0.2790217449681582,-0.5892563205725596,-0.0586644552391913,-0.1771833086670195,-0.5297579513784426,-0.8508349003172297,-0.8696360787978255,-1.3094674403880089,-1.4411678834879351,-1.2292462031029106,-1.4633666971646864,-1.3393923428621746,-1.421879516091996,-1.1926926556123247,-1.0360195515302095,-1.2886363080934788,-0.5728115801441851,-0.524323595855708,-0.5125578989685609,-0.5222010253989987,-0.432156503282504,-0.6446279628255576,-0.620131072268498
0.4799894093804183,0.150065600171512,-0.7554329715691674,-0.2493705614608058,-0.250912867065635,-0.3604037884961035,0.0668030000884415,0.7456091135526645,0.5126835503767689,1.0363702242940172,1.1581977653472462,0.8822482640511499,1.2146598395782118,0.9987753844235266,1.2087890396053302,1.1153672998823452,1.1059847886872531,0.7704886019505264,-0.0847289818669054,-0.6297724816763759,-0.6578807731678914,-1.0406125787142484,-1.2496935496783923,-1.4291631656417856,-1.0392135523875228,-0.6281407405987496,-0.5291210703561829,-0.785372865042589,-0.5007152690254786,-1.4450908932847513,-1.309267613325309,-0.5786254298359751,-0.3614195199380399,-0.4854245409755022,-0.1121272652164052,-1.0776908830980292,-1.192430206618556,-0.9134745783039964,-1.535883412624622,-2.385787799264627,-3.7901437499023487,-1.9000582701444328,-0.5294998022055839,-0.6924466708485478,-0.8448967353113889,-0.2087257894417894,0.2905979315633927,0.616789178687123,0.9014467747046936,1.100963625706834,1.1424452582222058,1.1625445118526672,1.2060347920819343,0.8555061450388198,0.8169658444540829,0.3466310805668409,0.0904440809682567,-0.130040825401442,0.0539252045930757,0.1970055343569385,0.5050541569723815,0.6501431344487597,0.94976839568535,0.6967563553755732,0.4902671879120874,0.8532620447536201,0.7634688299328485,1.2461402134424049,1.1149429376897368,0.8581727823025564,0.84827191040715,0.4799894093804183
0.7203836400246048,0.2294360591163003,-0.0745691210070258,-0.6774834916303223,-0.6548586712187726,-0.3424445359207937,-0.0728908061481924,0.2549639106346397,0.2775586324468789,0.6600724057144713,0.9404917298652852,0.8137372015252283,1.4865519658688024,1.3682250453566664,1.1593916364913257,0.8546038927842335,0.3046931556791745,-0.1024298259396019,-0.6918600240385279,-1.3307121223284084,-1.5381308970225502,-1.2326996367819865,-1.4420146232375664,-2.2027359504405943,-1.3201339483781562,-0.9800291016450098,-0.7748261773595218,-0.5512932060477401,-0.1451219336627581,0.5967691162711138,0.2729891563514156,0.5967203650185381,0.7012735729581843,1.0558558459957,0.3182502431207741,0.5971646373024635,-0.5735297121347324,-1.4176241596365795,-1.6896044300132167,-1.8447419375742755,-2.014537463035994,-1.1124616671707075,-0.816421169938753,-0.4811320991075807,-0.2809857395185451,0.092167369339962,0.2229665559440528,0.9863179072401363,1.7077720081911094,1.5099847853004853,0.6815717080784003,1.2895540893450466,0.8932666035051748,0.6861187162056763,-0.4397889173456107,-0.1565102262530922,-1.0610727599208214,-1.1148080861511522,-1.1716435681180908,-0.8038480099502038,-0.4309356898868189,-0.4540908391409697,-0.4716777475089044,-0.2146450350808337,0.2456435189996211,1.0323814820184474,1.433435992507504,1.687097661804537,1.5591692880884045,1.2479103455132394,1.479419445662221,0.7203836400246048
0.7240161736598363,0.6738506195102941,0.5976735186277936,0.4106384245639426,0.3254792925742027,0.2692391855947569,0.2034563195544896,0.2670458530128894,0.2057488106007592,0.0864371927011199,0.1275249210617842,0.1187286292608404,0.044472540811795,-0.0184028469509142,-0.0895230124007306,-0.1322952646445777,-0.1987530809992632,-0.3350215275674956,-0.4202533465141382,-0.5228573481690051,-0.5785990303008803,-0.7246698322046481,-0.7644307676611414,-0.8941366204029392,-0.8883020661572595,-0.9240963705351156,-0.9479180947202334,-0.9561121231635868,-1.011864189146427,-1.0786335210308715,-1.1145108962166688,-1.1521327583689258,-1.2145201051351031,-1.2885373650113647,-1.3643094957051265,-1.3753279316181712,-1.458223384091803,-1.5280248004656796,-1.588158851566786,-1.64796061943613,-1.6467780304345434,-1.6623030576776563,-1.5701060147386472,-1.3652961078007892,-1.0076774496770995,-0.4088938522841148,0.347630825515289,0.8128780991621922,1.04244310686308,1.301581322186601,1.3605292742520212,1.3768411341477265,1.3708069467104635,1.4272627745379554,1.3915515409680397,1.3336604016809652,1.2858935171103705,1.2450422772998306,1.211324743120198,1.174627043706107,1.085220916661013,1.0053887002297084,0.9356911223657766,0.9096161025156628,0.8591286489852475,0.8555865857859123,0.8598531785319032,1.08665608186911,0.8819995926732869,0.90204963892581,1.0370385317992286,0.7240161736598363
0.5300037761980764,0.6421623090158957,0.3724056687689004,0.0459265736190399,-0.7818011643397874,-0.3627164666367872,0.0109421972642753,0.6981366341435544,0.8467080988167641,0.8511901070707987,1.1325546070596837,1.4331470578645615,1.5501125783859553,1.8025149774602585,1.6320226332970749,1.0649538035737425,-0.183986231927086,-0.4747734433770112,-0.2039843163353054,-0.307299007338202,-0.6010905861030702,-1.4238911616668948,-1.6973732173825935,-2.16421635348206,-1.7214572413389324,-2.506522963427909,-1.7904866003254756,-0.7896362157765278,-0.2111998756941979,-0.3472020830837813,-0.2293953397146509,0.0548533528977487,0.3612141889462312,-0.6269467636251024,-0.3609646242878243,-0.4344759915275488,-0.862022003149841,-0.7603186685877606,-1.754368181096699,-2.006819665608626,-1.274439544314556,-1.223930628797994,-1.9033627960955388,-0.000360994245622,-0.1786646934273348,-0.5937125370181217,-0.0409935811517096,0.5316743736844474,0.9794808229174397,0.7106855802121688,0.3419049932693495,1.1627336883120525,0.6978133472943522,0.5839232833425579,0.8835543366065648,0.0772176939292423,0.5422091242024525,-0.4805621398364689,-0.3655194143977066,-0.5381749030272431,-0.0626080998059884,0.4688399354720775,0.4115521517316964,1.1066781183217864,0.8657634042987745,0.5276273639677252,0.8725642763387842,1.4781600969462112,1.1554064172667609,1.0791310320975216,1.2295051171593507,0.5300037761980764
1.0266561438644968,0.7049126255178008,0.7148160089445539,0.54141230833011,0.6430031167873629,0.4452036489808478,0.6985903421891836,0.9666483787227153,1.127568337670958,1.147534975064345,0.8808174649399384,1.0832441111247617,0.880565489879738,1.2663331031155445,0.95841385284453,0.9579829182244552,0.7352455550659653,0.5851533653241514,-0.012906099483613,-0.1686906349036704,-0.1180937564800682,-0.0124708698341801,-0.7290531035839543,-0.7142705667186926,-0.7724042673501721,-0.533926098537078,-0.3388181825099546,-0.4200262129440218,-0.3057292757409139,-1.0429123795638104,-0.8363858891704213,-0.5601959302394512,-0.3474688490179415,-0.6212001422100855,-0.9201742778441736,-1.2123379284701918,-1.207855826641854,-1.5951968523273508,-1.909113395366463,-2.2964883040621045,-2.302272754260301,-1.9531326748228048,-2.69844770104314,-2.118835387659766,-0.8647817604432938,-1.0479776509445438,-0.1250287973415018,-0.169609293977375,0.2182929488876531,0.5023776491462529,0.0086778551049388,-0.1332485292296544,0.0599619382381741,-0.1020570710199081,0.0276905187381042,-0.1451710537163209,-0.7039262269367726,0.0289389406273874,0.5630124885854262,0.2523825975152635,0.3241224741720103,0.3448684207952249,0.6500961192868474,1.038540490311657,0.9803729066703918,0.9054671160942804,1.5094413136598168,1.3666678540757098,1.5059365696406934,1.1297091712314895,1.2328924811583046,1.0266561438644968
1.3617817570301765,1.139513302813352,0.6250960325637664,-0.0541741537987506,0.1547417845217231,0.0822039511561467,0.2664466708912766,0.0852173403295961,0.0768000286511014,1.0568535365507286,0.7821047484475141,0.7087212604126989,0.7547740583125396,0.6269702050912158,0.8458350218735263,0.4313044913812583,-0.1447958253320378,-0.4435711549204406,-0.9575904700314968,-1.5416001451218029,-1.6504513848730522,-1.7990483940798407,-1.8345763995670448,-2.2745263145295365,-1.767392744314334,-1.7205440361377882,-1.6736455835687083,-1.3464872247288184,-0.0049412179173361,0.7128101093354129,0.8608389114692347,1.7241920750113784,1.7591518734259646,1.2933348744629,0.1657682246084053,-0.4231164009279217,-0.24767843863123,-1.064292892160146,-0.551189994868053,-0.4243025594653388,-0.8395792558424856,-0.7445282315179577,0.1455874150865565,-0.5308970853069563,0.0280203973022949,-0.2420524179239867,-0.2230605694403178,0.0480358592667611,0.2386956056098496,0.7326469118627803,0.0931722393479922,0.9693594561057096,-0.1968088421805679,-0.0786764198244605,-1.365474869460982,-1.252466119512875,-1.2238736033137143,-0.90586821265896,0.0367775122244773,-1.1218296384307815,-0.27792653228196,0.2813889054654675,0.098915965096372,1.6634163382384235,1.53436887520968,0.6098090903698973,1.0190456965200805,1.1427494908145497,0.6275363102882536,1.7573204390391288,1.023878609451386,1.3617817570301765
0.5776568235125211,0.1829049605486953,0.3530930600435701,-0.3461860104901905,-0.4895512464176053,-0.7365376256022963,-0.2562930680315128,0.5424960943369349,0.2587476712508534,0.6329800583190459,1.1710874752338438,1.7761436550257954,1.731049638893278,1.5563619460483258,0.7214518550064657,0.8311469651874137,1.125250051686702,1.181625254290098,-0.1757242899196296,-0.5358361456625045,-1.3721808530517243,-0.8816249904841194,-0.9159593840113276,-1.5575848100853855,-1.20606718185078,-0.9504895218467484,-0.4121430022073555,-0.215145509720701,-0.2958359439723368,-0.1873662352550708,0.1692024380361063,0.2097370851373436,0.4287619161240842,0.636010937926357,0.0668934130757128,-0.618308484549961,-0.7006726378735546,-1.122502884394041,-2.17672994954028,-2.2313880746551265,-2.164014146721826,-2.146403473337857,-2.035781840099444,-1.3259388912681649,-0.6256899392599229,-1.103918540936144,-0.1548832040211174,0.6664413901373077,0.7163010434962794,1.123081288945482,1.20719240759812,0.9949058113157984,0.7570352235051672,0.2577058063861132,0.3810895475480784,0.0185567767189658,-0.0241163243275261,-0.5875551594695096,-0.1542046237535468,-0.5862863995896548,-0.4366611344070075,-0.2439674909626448,-0.3500625896989867,0.7351417488543169,0.3585616929571917,0.620116921075255,0.9218414069200396,1.9302339952074288,1.0630151485091563,1.4875188834165771,1.354614391688668,0.5776568235125211
0.250026680777358,0.2409121029323296,0.0373087029763918,-0.6835815016423968,-0.4846797133154781,-0.1424021585841947,-0.3407403467795912,0.1233661077657231,0.2543061627521695,0.1018968217615705,-0.0043406622524456,0.3481433029681512,0.971745172230624,0.9549352848892032,0.7850292402011463,0.8238685910062034,-0.0338361161299716,-0.5122835699883403,-0.2276803348511309,-0.8365430338558044,-1.2897984745214883,-1.298832049108297,-1.4621768299105256,-1.438971107871196,-1.1485356381675995,-1.1440416686927797,-1.0416147604719015,-0.7609806849687882,-0.21903009962429,0.1530566539972886,0.3766644359698258,-0.2885765305024684,0.3260339771377417,1.183006232280727,-0.5914123440040981,-0.9161966177105528,-1.194323014892784,-1.373301424460165,-1.5764188048690444,-1.6114544252279246,-1.657425485397277,-1.4907629936959217,-1.4649651674060178,-1.0824289935210176,-1.0390534602760109,-1.0773292109489787,-0.7966141321882129,-0.1756853704351165,-0.0615939930826073,1.3056177832903424,1.197274214572236,2.518476140483901,2.242860844295174,1.5135463008594172,1.256804763750497,0.3050552742441247,0.1999518358406892,0.4450254811453402,0.0663740409641854,0.6860877538490565,0.9875396666213606,0.6614593407884608,1.437914357622886,0.2510124105630812,1.1597457474755255,1.0197299049365591,1.2460107944184888,1.2141343011160437,1.1687302637519694,1.616069043921,-0.2121356955797305,0.250026680777358
0.8722519912505109,0.4368527786121918,0.1888570211674821,-0.2094503663408893,-0.1788087438773244,-0.221154261185423,-0.4272222969440633,0.416149074539174,0.3486269823774454,0.6505773580106623,1.036632450034101,0.7671992130114544,0.8393198657281385,0.5084159023807304,0.356739239225235,0.2939533344125488,-0.1933445206453576,-0.3901396001218625,-0.4912138405530866,-0.5854580002811316,-0.8062331441223218,-1.0800535862677914,-1.0853571330498364,-1.0020690491114077,-1.255149976130317,-1.3418162361006047,-0.8088894816672203,-0.8472466306819116,-0.7703897906165441,-0.713075955189854,-0.2930200234636099,-0.507463632638824,-0.1580018197088325,-0.2407295659896113,-0.663366000088534,-0.6207592727440447,-0.7892369373362376,-0.5367921831468477,-0.4990213523581314,-0.7449232164494071,-0.9617099919968362,-1.0088914058610616,-1.1358401855965856,-0.8682396318916853,-0.3397000825814774,-0.8325816532504379,-0.5756998393346857,-0.4357769256272689,-0.7207647989948415,-0.8110704450333778,-0.262987891084129,-0.2248182234663561,-0.2137196056407654,-0.5346027936504029,-0.5175216233850553,-0.174142072102618,-0.5198029981357671,-0.162763285448018,0.3940936787468611,0.7175313885612108,1.187890615389395,0.0549756428118262,0.2759122874819636,0.3994828911856385,1.849385370911524,2.8586728634065293,2.8174740019827684,2.545697598587896,2.20995773868472,2.7648703733360867,2.097248416805824,0.8722519912505109
0.569553021225491,1.251126738423696,0.0319182673560545,0.2187362604207723,0.4568114308253467,1.0507463296242534,0.7216484364816503,0.0013470019979466,0.6638938704646576,-0.0208907797206065,0.0676794853494918,0.85026847217595,0.5655089022891213,-0.0994993566389204,1.003374917166201,-0.1438198143091178,1.44302830268168,-0.1078815646033206,-0.3280651630381425,0.7507660928244528,-0.2690064092680337,-0.1740362041702828,0.2131402717478097,-0.0019695003589584,-0.0338449534705917,2.00105662258566,0.127093926688974,0.4155037605556004,1.7707432370796892,1.0835946450825735,-1.9698020436910133,-0.4530649814196879,-0.7709773937931069,-1.1724926263502249,-2.46411843683177,-1.693522130417651,-0.947430098884869,-1.319367230231986,-1.4721496584639533,-1.633234711596816,-1.0098370258229672,-0.948999834207041,0.3633427469955236,0.5727623300683179,0.4338176100045299,0.0125259861905973,-0.0738354428335383,0.983835650955022,-0.4914857354606645,-0.1329648468745546,-1.0125152395280972,-1.4088989886393204,-0.151445983171041,-1.6521941583460755,-1.3056659501723111,-1.4888913363746588,-0.5346571111438304,-0.7280301500029022,-0.6131682394130761,-0.531055571488465,-1.4613442274260438,0.8006110768248916,2.13324896334091,1.010558506746916,0.2957344984130542,1.0907197654738423,1.788379818417827,0.0085711951825278,1.2392136410746362,0.8681413664879044,1.1916067277145754,0.569553021225491
-0.5033944796575773,-1.47211417826068,-1.4900636476082134,-1.3571481066764528,-0.4958278944034741,0.2630705510228278,0.0440568081069952,-0.1489983804084427,0.3447410666875439,0.1431348249577803,-0.0432016788892161,-0.4540796782990299,-0.3791891413208436,-0.8988640231431976,-1.0326344543299475,-0.5871092045981035,-0.514700000025801,-0.1798421755975418,-1.278430994891308,-1.2481662668749738,-1.1668624399860463,-1.7901043189969117,-1.1634418036335996,-0.2789497641240699,0.0055942739816227,0.7605225875579106,1.631271862973689,1.883634928491293,1.831481246287003,1.9863852097696937,2.0545570620794416,1.843750803275632,1.7762510344993567,1.3709083150720884,1.190412485965059,1.0055647815616433,0.8051801188623866,0.4911504319729138,0.2281216696106105,0.1248907141891162,0.0619718667776983,0.2514617865640597,0.3461648084449847,0.2484691330060322,0.1898258122015081,-0.103131636410387,0.1822522372786233,0.2871096348510161,0.3512731809669565,0.1658528613927664,-0.0837003572880505,0.1200667674187749,-0.2446584492409914,-0.577355390692185,-0.7086826638173908,-1.2527127775627336,-1.0684909173455612,-1.337627574860642,-1.213263087143207,-1.320769569171595,-1.214728766913039,-1.1022746747440093,-1.0316214900281058,-0.4508063626571524,-0.0927385366474604,0.7706812645844917,1.1703591263239848,1.1001108047290151,1.178017114938981,2.169473668315713,0.411308521186305,-0.5033944796575773
1.6853580463335438,1.35872259516203,1.027196977856868,0.3720996685426039,-1.0344759679644646,-2.106058125828341,-1.8385212932694728,-1.8427477492749729,-1.3849731950244089,-1.168355644794986,-0.8707254821824811,-0.4816526325658655,0.0171924778145971,-0.2897455209581882,-0.4103100551938583,-0.5524186779907236,-0.8125752273163245,-0.5119015347323892,-0.3119721038963947,-0.1429909272633162,0.0851851974638507,0.0834209230082996,0.1262494921776623,0.0856716613460059,0.3570385540935763,0.2986099070255287,0.2166537473700511,0.047084960899161,-0.0487893639062396,-0.1554015360261086,-0.0290639759577106,-0.0395826737016155,0.1037165814878901,0.1651824971109152,0.2148846564404065,0.2528230594760016,0.2816992665295604,0.0243126714474716,-0.296030537985518,-0.4359847519262367,-0.2573942278555282,-0.621817326423959,-0.5836053476605657,-0.92665534249759,-1.0455442254009517,-0.7519835017388189,-0.9494570124411938,-0.8220251494618452,-0.4986446714737549,-0.5483188952534492,0.4699439312468377,0.193954186677091,0.0094071291112119,-0.2698997211576438,-0.1720482337423351,-0.2192260790061988,-0.2352504882713569,-0.2977143773238925,-0.3766954009399518,-0.4906599207434178,-0.1886183495208531,-0.2708480849040094,-0.0676357453349134,0.1181019446234825,0.8397060913332176,1.2575043923647131,2.277100900537868,2.5963777426094583,2.5899284838158025,3.665676410111861,1.8521568785608016,1.6853580463335438
1.6113725238716607,1.476701449740779,0.5387050550549477,0.3092267066932634,0.2977219247869924,-0.0389551748757515,0.41043645882077,0.4049610868983243,-0.3626732891366687,-0.5682003261136187,0.1267338314131634,-0.7247301344679458,-0.0103771185786569,0.2689851535696361,0.0803820466854649,0.4116388268342565,0.1079363624626818,-0.9046583874730758,0.2898851559677847,-0.0490789612752263,0.0931454203408691,-0.2658197051938493,-1.3392491227611112,-0.1420859046376729,0.2584051349818493,-0.2496319546395676,-0.2288689975970158,0.5892314521543767,-0.0070013517845218,-0.3482524866075007,-0.3065737142414309,-0.0665065623336199,-0.8187971295128649,-1.2875390988938034,-1.1606169439957397,-2.061064668229581,-0.6568639858973992,0.4051988664472188,-1.0299535680212664,-1.1546449290750047,-1.6962803860553937,-1.6745194577053029,-3.391266129494445,-2.706893834973707,-1.429560255131982,-0.4835947315825981,-0.0688410186905953,0.5526175013075401,1.116484760423962,0.7878330133604129,0.8641912886690134,1.0004278424392914,0.684749722375499,0.4812186280139183,-0.4850952025274179,-0.3042410148760686,0.0027317967850876,-0.3485822153904673,0.8429258319894724,0.3864505932653536,0.6671434938240912,0.1954076105199485,-0.2151609480500756,-0.0219568654658828,0.6922714040099651,0.8934592570556363,1.2233438266559755,1.5553075031474088,1.6875521716869435,1.7146356136782137,1.9673437354834704,1.6113725238716607
1.2102456876305498,0.1194033813795546,-0.1026902760289833,-0.6018573308694801,-0.4258382841364195,-0.2679061472764217,0.0366277944354463,0.6510976189245662,1.2071926316593855,0.948348179571209,1.2867731271617862,1.308012376506526,1.1937377740698178,1.453869731765877,1.555183067539064,1.1128605865854235,0.5864001088019933,0.6172472450832882,-0.1165980925071541,-0.3003605456355592,-1.12356174032451,-1.032859726155045,-1.4362740278948682,-1.1588579080591144,-1.2817620486325414,-0.3135313322842255,-0.8731051540796095,-0.886233542080463,-0.3381910925484978,0.0319674763869739,0.0881262521440239,0.2818308348832873,0.4873508608270443,0.0514252758755689,0.0835016196240756,-0.5131992848512015,-0.7443740259961902,-1.470392573184182,-1.83402069037626,-1.811201031431206,-2.1760583560904925,-1.889209950384647,-1.918167520257937,-1.2575146152190846,-1.047755077807519,-0.2862820745994812,-0.2739232220579379,0.5417603390358938,0.1853318655795351,0.7422296260480865,0.5640864070550863,-0.0113667683457806,0.3477540192524942,-0.3190618825810309,-0.7408892104605916,-0.296075102298826,-0.2053730881293609,-1.2795332930411418,-0.3157176892278122,0.0139021191597659,-0.1784898721048214,-0.2773115806693461,-0.0529018971193266,0.859512765875732,1.1650250563881512,1.2304154310818585,1.495991021846684,1.531077669596324,1.651481349909381,1.6363711784411687,1.6720598869909302,1.2102456876305498
-0.7986163424802396,-0.4751459134665845,-0.8253370433295903,-0.8560107111255026,-0.9584706867937997,-1.0098392782069614,-0.2420232554422782,-0.4703752389168345,0.0949243648514251,0.2667671160521186,0.163673880787371,0.3635067061584142,0.9624703900825652,0.84848508975604,0.822421551823347,0.7359703787574989,0.583862850715205,0.1197356542296772,-0.3780556224119242,-0.6795870848711321,-0.3459591719278944,-1.804050631256614,-1.881357535747422,-1.7666854609287508,-1.674557427749631,-2.08356570894602,-1.298069078243549,-1.5000521321154892,-1.0721951911960628,-0.5893713172908414,-0.0514285280962984,0.096882296494285,-0.2804630048714935,-1.126724372336936,-0.5498487831428485,-0.0360458497710699,-0.3428207016903125,-0.38608357026696,-0.8638131828879401,-0.4801577618120792,-0.9416252679917044,-0.5759797498437534,-0.6198758780170365,-0.0355024951989018,0.736011763610205,0.3073471045349106,0.8155013623047641,1.2109607422613875,1.775044487603979,2.0806823263772265,1.8462257203910768,1.3829344265731291,1.564504045177716,0.8343824877310179,1.1000743111496365,0.6533997491467891,0.3567317203897064,0.5565392153767688,0.2902676472568479,0.4874661127059744,0.1836549156989581,1.2257989957164357,0.5808381888221125,1.0517061215434145,1.6200453713753011,2.760496671171118,0.8158845289565275,-0.2983976301793525,-0.6530215772187971,-0.182178974881294,-0.3632897924488399,-0.7986163424802396
1.874393483374144,1.1446016201746103,0.8333699247768113,0.7422916249392086,0.0120565184618726,0.2675390564825909,-0.0815899391701844,0.0073716399083363,0.5280244688944041,-0.0448038685413568,0.282290161554665,0.8796517803111746,0.993019442375638,0.8786708704516308,0.7709986504002002,1.1195622767663338,0.8502447738288978,0.2173569722464051,-0.3251369033624569,-0.6207996786262996,-0.2276624001327107,-0.167290012474684,-0.1640960076574454,-0.6445081216642404,-0.6599303345161627,-0.4838714513428651,-0.8161294997329789,-1.2450699881011875,-1.0401448864587626,-0.7072886937509508,-0.8322751043429403,-0.9639101641025134,-1.1913134745794918,-0.4232200857413412,-0.4785895990082726,-0.6270679033256148,-1.58147329756853,-1.146200204975629,-1.0266271370215785,-1.5369304695775663,-1.3397898280020704,-1.6742640927814787,-1.4083376350268368,-0.9156922406589948,-0.9408658056232988,-0.8521258481837293,-0.7600338634555239,-0.6562236345694835,-0.3646167694052863,-0.9407694314246912,-0.1265787416916314,-0.4524374652580022,-0.4545900824796458,-0.2915791732976786,0.1891817606831675,0.475912949791175,0.2194772046159053,-0.0700355701679357,-0.2451084711554258,0.2030463791996413,-0.5959468407520445,0.1231127604754664,1.038418322964913,0.8320690681850447,0.5787360259545701,1.1532429131977795,2.0253045533933656,2.14529316192052,2.2579959590680354,2.4841967380466192,2.12310017389227,1.874393483374144
0.4368670058987791,-0.0778549902675257,-0.3161598240065088,-0.160225858049942,-0.061728039913027,0.0489624173322745,-0.756315337733272,0.085599004586317,0.43740574145409,1.0245516970203297,1.7864081371652851,1.887368807590955,2.193171896152374,2.0553879224931144,1.6749977956047204,1.6000013525153245,0.7229664196553722,0.8326534926348422,0.821387153213666,0.1995766908645935,-0.7562999208173764,-2.0426548229429384,-1.2761767340589072,-1.1394590970710816,-0.5019919002976179,-0.7461042005445612,-0.4356186520761611,-1.178595365912676,-0.5306382427242744,0.5161489233147993,0.4917473716873126,0.7981281663411983,0.5160088863303538,0.1852406722215656,0.0854636783259942,-0.0280262338681381,-0.2212699923989085,-1.1689066908683363,-0.6117102353562941,-1.6058066658891716,-2.203535905859908,-1.5803897390612005,-1.5869736185754018,-1.6164833082834416,-0.670885925167757,-0.4329480996728038,-0.6549251349051598,0.0852521239825213,0.3735111906849129,0.0131279379440826,-0.0920612498698217,0.2327453285737669,-0.1184250322722118,-0.0391435431038192,-1.2488459684414293,-0.5366418466602433,-0.9014947202212612,-0.944109216551876,-1.2351981437868336,-0.4972100869336431,-0.519148786272594,0.2120588253907584,-0.0021647859698849,0.6716066778742503,1.0149302568587413,1.2251077843339866,0.8542041995944861,0.6821227273962095,1.6084733759594176,1.902631125921403,0.783446123589414,0.4368670058987791
-1.4140713275371803,-1.5550091499002046,-1.241237913931169,-1.5072935136322103,-1.0188724924117067,-1.0564164474637894,-0.5927800933531657,-0.4229764191953863,0.5449756537728644,1.1018531199924386,1.4496286206255846,2.133490179477658,2.2707079885946926,2.078334516717681,1.4941094856245,2.055204824409417,2.358785978870936,0.7970969754796191,-0.6549646675177517,0.4874505591727299,0.1863455582426888,-0.3568951889851137,-0.2768239541831527,0.3846791474417537,-0.3908432013292396,-0.8486813606844824,-0.8468087367185202,-0.0267434876799906,-0.1165815972819705,0.2643769892862196,0.3833422348237809,0.5189923390934825,1.1252151816977969,1.4640696952236067,0.9637168734614512,0.7364806318846806,0.1041419925014155,-0.4445857216916545,-0.0304440491889504,-0.4291946663230518,-1.3877652191704075,-1.090716168239568,-0.952079959498645,-0.6069919528893035,0.5593494358756743,1.6243872304592195,1.2415002933279309,0.4923303165141546,1.225761209585999,-0.066431865291507,-0.6417359092773519,-0.0579461765123211,-0.1929491162389663,-0.3852106091985929,-0.5545537503425523,-0.0995397728918552,-0.4543200016893604,-0.6206397120565681,-1.2834739433505422,-1.4892102327357908,-0.3784850397446136,-0.9322891315386794,-0.3607424271046189,-0.4559928510605413,-0.2987681419872053,0.2148108094021887,0.2268361885696123,0.4282552438145759,0.2347619827608273,-0.7996929499579868,-1.396161009382403,-1.4140713275371803
0.3527855606627828,0.3998705776227816,-0.370742342250493,0.1974372253664975,0.3447564673471729,-0.1520856646617702,0.5603624247198152,0.0726885947356618,0.8711776723497233,0.6964162273354306,1.602456540239941,1.5561394803223787,1.438503609462507,2.09730831632437,2.1903230001583225,1.9643424832556824,1.628033793430222,2.0028856077752795,0.3020426593901975,-0.5105328735963128,-0.8084492986929368,-0.447702564386058,-0.9078714882961684,-0.6819164251031073,-0.5462338741539184,-0.2726300874575311,-0.2675076836107636,0.252626455126578,0.7676034239748563,0.8926630865202436,0.5372684602685109,0.2778324566504281,0.9958784996724086,0.4881049306339805,0.0903950642676984,-0.5888433839840104,-0.4948148975223738,-0.7743506401944139,-1.1653605935426072,-1.7871649190142116,-2.231333392755796,-2.463000020048531,-1.304302460961957,-1.5390104961380546,-1.6139784998826892,-1.0768301083494491,-0.9094111273145038,-0.6256252359653333,0.2307828265548642,0.0673054455713702,0.2798166043529278,0.230281823051971,-0.2185589584526494,0.0709130432869293,-0.2012175323650161,-0.3076134175694109,-0.634753805370086,-0.991558939625826,-1.4704170945865125,-1.312519042577353,-1.21954843711841,-0.6034115973717835,-0.2021568363306854,0.0164371382176028,0.5899061108489877,0.7224150187894784,0.9067600958699916,0.8317920921253571,0.4671850854735173,0.8162951287489097,0.5388751480825655,0.3527855606627828
0.9641644409648454,1.019786191200569,0.9017284861675876,-0.0161877019069502,-0.0891210443365572,0.7146859625803985,0.6361008610171913,-0.2049334607535871,0.3747768110090314,0.9904609782058555,0.3389848635536786,0.7477967043835891,1.448974942278194,2.04599933328978,2.379544096138825,1.7330020569206768,0.3850139119469455,1.1169628384557506,0.1351728011297555,-0.6577767127778466,-0.6264664978609529,-1.208506714591554,-1.6461130868063178,-1.209849844472095,-1.1929830140072295,-0.245639267199679,-0.3270951035604719,0.1801291145566591,0.6665405053898734,0.880232090429799,0.5490223266595677,0.2598867697694544,-0.5330627441381478,0.4882921341762136,0.5424785170128305,-0.0514931912210341,-0.3355152517527033,-0.0148887954937437,-2.743610667755305,-1.8169900377688173,-2.928052851459705,-1.4099711426605623,-0.5846336247601457,-0.7608237094481753,-0.7424318011220042,-0.4053883302380278,0.1556621653374324,0.2716590567896998,0.0544712907699359,0.728377548085918,0.0142835306556832,0.5317347414903484,-0.5183249577466499,-0.0017708515359532,-0.246230598134986,-0.5889233010974518,-0.4076171929952483,-0.1280781285302306,-0.9668696887401416,-1.6493856233937785,-1.4616203619962045,-0.76268488566183,-0.32435830269242,-0.4445690588234425,-0.3048886052890538,-0.4006084051761854,0.8834187071376998,1.0962131875536478,1.3852615610366554,1.4250942698840798,0.947387320962196,0.9641644409648454
0.4279378412862855,0.9406592075166406,0.4253165509579013,0.4725204830460903,0.9454686372947672,-0.0614566153039966,0.1453169664524522,0.4672381689110598,1.0982858341235662,0.2566915855760031,0.8851565746858288,1.473252349636529,0.2882019129084034,0.7141056286094801,0.7400124162198619,1.7166618774523246,1.3638291479712707,1.5967076251044032,1.93805849855081,2.685127920992316,1.26890810633331,1.7173804378240531,1.3505615239100714,0.8593768222813377,0.6191090373996306,0.3797948560018506,0.1639631603996774,0.8010503143446455,0.3492812233909827,0.6657986727731188,0.0709493257297061,0.2698159452642432,0.5361102778182341,0.4783780931797474,-0.4331868110115504,-1.0293473628455054,-1.201233831223263,-1.1464408047412282,-1.4000590383998617,-1.8412987575501143,-2.039329854783104,-1.6238760439283464,-1.5041982470507014,-1.1523577352792806,-1.2766037629321307,0.104254375112175,-0.3732222764328781,-0.420822424053109,-0.1497600740786405,-0.4272978617963035,0.3243011771946942,-0.4422762639390036,-0.4148198706669617,-0.4010317939997752,-0.7599040122132983,-0.7897035614640587,-1.3998105642526766,-1.1481778852661466,-1.28982717650317,-1.3444204163399327,-1.3640084616154868,-1.0875820920430934,-0.9605536016421627,-0.4048803451501367,0.3062700127246382,-0.4618967675489805,-0.5981820391882184,-0.2546458244240146,-0.3143249495093194,-0.4105191413388067,0.6532658382508594,0.4279378412862855
0.9489543806013894,0.8765485638017629,0.918305823987518,0.6014586594508631,0.3725667003136725,0.6826237367888127,0.8440702287013879,0.7152446883479688,0.634930183026477,1.05091070049645,1.029894813713853,0.9656955021581436,0.8395503123079177,0.9030151024946266,0.6619457484784467,0.9867612580946872,0.6754733390461024,0.3436029753929238,0.1936324477369689,0.0023315771374911,-0.934239096322796,-0.7722300617120408,-0.3896381079170938,-0.4845456326446398,-0.2449718871775626,-0.1277346331933877,-0.58809636726235,-0.760039150894914,0.0240097449261674,-0.0605403760051122,-0.0060762689895273,0.1815780945092064,0.0072196863491113,-0.4698197841840515,-0.480246631941825,-0.6935197585176803,-0.2060632276307559,-1.249847921216581,-2.459979799731792,-2.2362565220550734,-3.3552564834638923,-1.840530804188065,-1.661016764439747,-0.2940743610531168,-0.4364009261630997,-0.82283793154071,0.1053211672577283,0.9600849893156552,1.1835104502700833,1.0565710824926533,1.0710284764427596,-0.0688848370395736,-0.0549238042936767,-0.9170402971110598,-1.2569186215267094,-0.9805479654486504,-1.0301873483451751,-1.032076783389406,-0.3722174608810575,-0.0974351606566978,-0.8419471388054074,-0.6637898196820035,-0.5913243463244087,0.1053318867953883,0.231305097975029,1.106254275673943,1.1268003670634263,1.9280895420461803,1.7150811414459832,0.7658367119029743,1.7167622446045143,0.9489543806013894
0.2408347989363035,0.2033645467572631,-0.3664281906773712,0.0780655929276965,-0.5183987549030733,-0.8440907710777878,-0.1095001748263589,0.066402456165306,0.2613234377550398,0.5146770579029754,0.6281673552411605,1.183556873320503,1.2207824367708484,1.345255161919285,1.278970386600344,0.8203029814338961,0.8553473658415854,0.3161676675994773,-0.1164021216555994,-0.6920113365365005,-0.909601058063799,-1.2751282914872843,-1.6455918774808505,-1.6962640028116969,-2.373240643718391,-1.1753599655900702,-0.8239298211296356,-0.0805379761103398,-0.6653311027491343,0.2327713890884968,0.3857142406856981,0.8066359841126357,0.8619232406865346,0.4629895282442036,0.3945235738828781,0.0452595175300446,-0.359184541967131,-1.3117550682027368,-1.5940148350234171,-1.873787292409748,-2.1648865742969186,-1.1819476975980283,-1.764636177792228,-0.9063306369047448,-0.4750004601523167,-0.403832689497528,-0.3255856535294408,0.2086426012080677,0.2001782036636656,1.1004236082447827,1.2395905922056891,0.9117939295863758,1.0500425223711145,0.7902068067587527,0.3235800114025446,-0.5840276135194644,-1.8073322051122265,-0.6201660907010828,-0.4558964146027662,0.0388792858757222,-0.0681973641667807,-0.1198261469721463,0.2506606143855198,0.8993816357022945,0.927385021095852,1.406815935679588,1.1932059092475793,1.5859636566177209,1.7193141631320854,1.8279063741990849,1.1903822875516823,0.2408347989363035
0.9127514000771512,0.5389884370993617,0.0549580804482486,0.0648806403592609,-0.0859565331101895,-0.0376372914731154,0.4655349490747285,0.8682850989530799,0.4101338244885935,0.9379193225519572,0.8062101663533289,1.1113511692802545,0.8849864570307716,1.3418857734450809,1.348573448083635,1.0019553919675457,0.6584315739384694,0.0313630293181689,-0.204987633123613,-0.3987221982646873,-1.5086325317711906,-2.1524380915025905,-2.0996181399189693,-2.271974332816954,-2.61310714868732,-2.358880427023894,-2.5568344077386014,-1.655349336979677,-1.4258765200192407,-0.4363463109418194,0.2219597755533077,-0.1878088669918332,-0.2902634085419526,-0.0966556239633952,-0.1722465530237157,-0.4142231028976788,0.2407074511375489,0.3272827273152408,-0.410053210980366,-0.2108195389696418,-1.2655961756370009,-1.2160111093278356,-0.0467337967865985,-0.0984147042586479,-0.6669740195829005,0.1153828847960779,0.3718599614317854,0.7217267694462561,1.1507779430705765,0.7860163999848814,0.7759670595113518,0.7723874895857203,0.8610724735502356,-0.0539008604233759,-0.1531205167010371,0.1798686290168903,-0.2197734161505217,-0.6113985717260436,-0.6138529641650281,-0.8141979470394584,-0.1783954102740544,0.6962260479960556,-0.2278893530550946,0.6139613109211205,0.9629842358198604,1.1135539815413356,0.9357125483976269,1.4726401135375446,1.066247003452303,1.080810920495306,0.93658416476021,0.9127514000771512
0.1591442871806811,-0.3902924377779905,-0.1563134757945204,-0.2624884411965962,0.4231605796724429,0.1303468488697901,-0.2865105301092895,-0.6748306507608325,-0.4870548689265676,-0.2003754045853592,0.5399700280777953,1.0907465304228288,1.1323537956452805,1.1848323973732937,2.110797407639637,1.2419302405094357,-0.3644042303630163,0.2236575589039181,-0.1622419907287006,-1.436576036594964,-1.6651809361607444,-0.5033588831105307,-1.3243242237625743,-1.2537975047886174,-1.020158272070997,-0.1084618909681206,0.1829313169359669,0.5838022807452795,0.7277105211327234,0.6266314947178018,1.1596996090827414,1.6230807577996813,0.9716827869420116,0.467854715917381,-0.1114781844320782,0.471912327429939,-0.2909168426113624,-1.2461177094136826,-1.6446297080393897,-1.5751646430211057,-2.074958429014251,-2.472408773684289,-1.4999008540028904,-1.655081765996912,-1.2793507678570828,-0.8125723264819369,-0.7325331880656726,-0.9152321705896768,0.8324954674963866,0.9560199519356556,1.018732897796101,1.43489167856643,1.0642799458949808,0.4098244116448061,0.1003639468178815,0.2306830165732569,-0.0162247971877726,0.1439904479582417,-0.6208770976780148,-0.0847514199208717,0.0343565840629428,-0.4854387624542596,-0.2840738099879262,-1.2158758236081402,0.3086072206869835,1.3273183205175874,1.470207373107634,1.30725515415822,1.529003862572877,0.7933530337958568,1.1411837659815858,0.1591442871806811
0.7879819595704186,0.308137550271399,0.3297769090794846,0.2160113807348579,0.451672654199066,0.2255589636719774,0.5953441951239775,0.9446078739113578,0.9720114139620056,0.5306215656380814,1.3420604987808578,1.5495146445902728,1.124563387217421,1.2754431615716455,0.5555579639518405,0.686343162029851,-0.18261016716961,-0.4463244658949884,-0.7909774762354049,-0.9623848170062252,-0.661609644319941,-1.3048258942079654,-1.0031700827206735,-1.1105309652403277,-0.8165607287432144,-0.8555787031038612,-0.2673149909423951,0.4193667787318894,0.812422223348527,0.9113709944706172,0.6427731533035888,0.1793940209800383,0.1015211952802872,0.0966613319869938,0.0696253825240757,-0.5729504027815377,0.2758489643410357,-0.5285775581702574,-1.3872834540495094,-1.9258638027696475,-2.406535478821076,-1.0483532804071145,-0.9564496196925996,-0.4640954787623282,0.0353304585999129,-0.5679634989781962,0.212279471791266,0.2956702907631932,-0.148281415890761,-0.4997660484446466,-0.2700824444172006,0.0384049892836534,-0.9892501262574552,-1.3597352080925396,-1.026269655673818,-1.4264562825229092,-1.4919201069364325,-0.9444860119099951,-1.059745957613932,-1.4331931881431457,-0.9673115832900488,-0.1616635174141296,0.5197077334300082,0.9249320051144662,1.596909775415198,1.1862889130760013,1.4544003920542394,2.129153508879108,1.924842300181744,2.049436340628696,1.4785925885644302,0.7879819595704186
0.5671261732730987,0.8043522400807138,-1.1514604931348589,-0.7657991613586634,-0.837458461104441,-0.2841097442694386,-0.8138465156391128,0.9373435698380068,1.304036596562609,1.755968739754094,-0.0222703845731255,-1.0275392524147715,-0.6222000779914797,-1.5876402354749757,-0.6386533554160244,-0.155738070556378,-1.7367730458543935,-1.923566646088746,-1.8812269054984965,-1.6743217452697836,-1.498352424202817,-1.3156188447258117,-1.471334698279342,-0.0498903846620068,-1.454865431275012,0.2432985445685904,0.4025227783829819,0.3168619367536774,0.2815309618950819,0.2811092367326553,0.4267103487143091,-0.0288087901710727,0.3087458926335911,0.9961026099962662,0.4939905023428614,0.8448844919419543,-0.5696456609565437,-1.642604415404332,-1.6952954100983555,-0.8231751028800797,0.4289735404624493,-0.384672874100906,-1.393631337438832,-0.4840474451806601,-0.2839065433618155,-0.4142682535046795,0.9337152677301126,0.8317823639116827,1.3037707698013945,-0.1807670925149186,0.0996461626025775,-0.1328889612852223,1.1499590086869984,1.0256520193588343,0.0795585869777205,0.0226103667111494,0.7187180477508215,0.471377239371164,-0.3797327602319263,-0.6691254967687555,0.5153805624738812,1.180032076781937,2.139520113253617,0.5017221303195696,1.2171292339555442,1.4207232187389411,0.4529652384434412,0.9445841844740048,1.7171800183035624,1.4694607898729406,0.8390642849618436,0.5671261732730987
1.2813815548802032,1.2709136439274604,1.1513000547586851,1.0527202076265154,0.5650750508595126,0.6418353054118885,0.5866780573866669,0.905120132204454,1.1570731933292382,1.0820311051431886,1.2073987467552283,1.5234840997762686,1.2405202310644288,1.8366725106170405,1.367203570707869,0.950584117092838,0.321712406650583,0.4553285745516517,-0.2451874785145624,-0.3742279548707399,-1.0721516139602825,-1.2000137294180866,-1.0399728183699486,-1.106766380267179,-1.1822798128126606,-1.3200107007947055,-1.2231593929241693,-1.2767847717815484,-0.1326357564200311,-0.1987223017783227,0.281214134167816,0.2898651287917708,-0.3385057782688747,0.078977530060991,-0.2615198095158873,-0.3250139608977165,-0.0122280183922865,-0.6794848351007015,-1.4941251411785386,-1.682820138016991,-2.0469141545851786,-1.837116954601184,-1.9237069795918724,-1.30631474484553,-1.1592358036799142,-0.4704054394667286,-0.7423516337785563,-0.6292094864875012,0.2553466229526646,-0.1519343205423334,0.7288510340227902,0.3643151321179732,0.274661368791596,0.0400102969147185,-0.0373885130684963,-1.1201059235364326,-1.2420467754793556,-1.0542260062510391,-0.9043189989294544,-0.7117553270848425,-0.0641970533389815,-0.1085722991439008,0.1785548347985906,0.4991179592338267,0.9618503260627576,1.1270760250640297,0.5392407329091738,1.2125461922853429,1.1679058152783182,1.3434716311630506,1.453991925455257,1.2813815548802032
0.5051568933424041,0.4631425648216251,0.2440170550299004,-0.5684382085513728,-0.4621140181804052,-0.1397638030846132,-0.180197216090087,-0.2272947960371928,0.6329315209263614,1.6249089047595664,1.1460754584657675,1.4128017691993986,1.1264995108951996,0.9028987941063163,1.0660386559205004,0.9312124257615704,0.6158942873068568,0.1203274583280306,-0.5642195791751853,-0.7477623289833232,-1.394537646558654,-1.3454425978424256,-1.618513809372268,-1.2865808140758903,-1.2215550013207497,-1.212347667144892,-0.8658459273305166,-0.3569963249806681,-0.0106648376061468,0.4144935295398998,0.1167113924168518,0.4015087835795022,0.6071144683126074,0.6945649596084407,0.1312863030194413,-0.4108080856644697,-0.9045994249106908,-1.7166655400577149,-2.1287113862729434,-2.180259851440112,-2.154902857230947,-2.433397825067168,-1.7970534668506095,-1.3304264696487091,-0.4089335960218728,-0.2753446934558998,0.6426458442599197,1.2064383412114716,1.0409666718323505,1.2529933057355966,1.1173401351534509,1.197421127969924,1.020104753114457,0.8186854970947701,0.319810906422052,-0.5118828828918525,0.087638304705867,-0.2247125769353536,-0.4037557979690621,-0.4000208636541261,-0.1109185179343439,-0.2273088410069329,0.3319841271701895,0.6146412019429031,0.6485351399348703,0.4465564830402189,1.0245042542984208,1.0692943484573425,1.2523051022102487,1.1439409656000337,0.9234291145104738,0.5051568933424041
0.7585273493193622,-0.074927695078603,-0.1058999145921438,0.4919266164449232,0.753825267184168,1.7562212887357012,1.2287414219962112,1.5424332877171298,2.589966368105767,1.8361771925336443,1.4886215465117691,2.170066039084437,1.8757596421980791,2.0725527656725733,0.6862207517205244,-0.1075053607040007,0.2028584269453799,-0.3229574007583305,-0.4290193817497369,-0.345380912690852,-0.8379159596852358,-0.7438772466539152,-0.8135383737448547,-0.6849708507248148,-0.6626938211013402,-0.8471736416421499,-0.7751834458335751,-0.7065213280935847,-0.6578276787812622,-0.4560424382009695,-0.603705395080537,-0.889691596789537,-0.9360561773798148,-1.025269763136898,-0.9283189817941078,-1.1593918953303546,-1.3636321794184547,-1.6161295955370016,-1.5125226580519051,-1.5605512776801462,-1.7450310982194792,-1.4781403303736678,-1.2877953581618309,-1.3973934221036963,-1.0007076094861458,-0.5393322793623958,-0.2607932382669815,-0.4084561951472769,-0.4797813612724982,-0.0847595876892504,0.0806247989890988,0.1026938237336521,-0.0302007867059006,0.1333115560577688,0.0388978483152165,-0.1422538941555526,0.1762220837922437,0.2034912305215378,0.3603474171451059,0.19250798695897,0.1912804652058152,0.0833464402989803,0.4484155112414649,0.5204057070515165,0.3727427501712208,0.7444679772552716,1.2992374982488084,1.0248995697901184,0.963974647637312,0.9292583402944112,0.9427991649812504,0.7585273493193622
-0.8244792319987199,-1.0153419132012562,-1.4243698831803813,-1.2270672633091604,-1.4034357640897412,-1.1358642425953396,-1.4061383084564345,-0.1859925255670049,-0.4841678887407198,-0.1238336125447297,-0.909821767194333,-0.3616206139886965,0.0830586428941663,0.6154276913310078,0.3587837297513249,-0.1330004357532697,0.3444300941990758,-0.4346175779021485,-0.8880479121361144,-0.7685957651858678,-1.5145019362837535,-1.7318722436042335,-1.9816035960595515,-2.092413803853928,-1.0804267505647676,-0.584209532911559,0.1402631529660124,0.1579773027224073,0.6811759946998597,1.0458027781745602,2.096812624907967,1.680844172380457,1.1199339156320056,0.840935468093403,0.4448965136464815,0.7225024677410191,0.6393705698679246,0.1761287904255567,0.1131215046003692,-0.5859015675165116,-0.720320565344399,-0.8752544031546404,0.1092773276041771,0.1885638707308613,0.4983078825686981,0.9675436258976688,1.2241887652279682,1.496220034544387,1.871299351977489,1.8992987951487807,2.082525335956112,2.1172144008608296,1.8489472215194045,1.463555914997807,0.8595533449173407,0.1828568853353598,-0.2370695933840539,-0.4910377062706448,-0.4688916821160488,-0.2173752527813872,-0.0856587993203879,-0.1948802219529624,-0.2630440911976041,-0.0168793592495253,0.3118185808328828,-0.3434989626267919,-0.1553109523671299,-0.2404497367598935,-0.2559607082788823,-0.0570971766698764,-0.6381041720422206,-0.8244792319987199
0.0023521236806717,-0.1416527194722144,-0.8050123777487889,-0.9589843680701472,0.0382269903497095,-0.3227072736202783,0.189170465343311,0.0139795261611715,0.9516537921613274,1.399387401791779,1.9545004102509165,2.7602982446040776,2.5999915785270207,1.926709071513728,2.869344761881932,1.4755482606688384,1.8491705937979988,1.6328707098505164,0.8546452177609726,0.697483740346205,0.2989401077271423,-0.1707911048906062,0.047122240251352,-0.6517204619453502,-0.4447045310404504,-0.2480101347595833,-0.5625196421403127,-0.6721932006016651,0.3140764451487507,0.4068910187184674,0.2256754928038118,-0.1778295641836055,-0.4242966802279336,-0.4459935530156257,-0.9225024257078126,-1.0190193499066589,-1.2696948169777431,-1.5888556597036536,-1.6679633001818033,-1.5223449958350617,-1.757471713323268,-1.4338623097637706,-0.991798899411218,-0.6266818651993822,0.0897660320930942,0.2478321957921733,0.5849526210691087,0.8394121724953558,0.6014946538001059,0.5457322869123047,0.5868948889339135,0.2449646522313225,0.0350437424712833,-0.1032909014030702,-0.625870143229593,-0.8415055506992848,-1.008235489395844,-0.8837918354781388,-1.0848530588662362,-0.547503721583046,-0.7163156865771132,-0.639448548476946,-0.3161492339403118,-0.2453066825729751,-0.1358358986235315,-0.2667284059459751,-0.1614659730232921,-0.176429484168295,0.005735026463043,0.1552958912451056,0.1318270811834024,0.0023521236806717
0.4892072330947658,0.5662887310615251,0.2199492443736042,-0.0979830679217397,-0.056025322437799,0.1000747412946091,0.1904313583098742,0.5457372263370722,0.6784477946029762,0.0440461264166556,-0.3494279347504436,-0.8914173902739889,-1.0718178888543652,-1.2553001114996774,-1.5023527703031687,-1.0897979513787903,-1.74344064032873,-1.4650198367915583,-1.5403651521865849,-1.6732359834588288,-0.7740848365499756,-1.146618977789299,-1.3807916103729625,-0.910316182742408,-1.585530940146623,-0.6708526450650175,-0.6269984540027194,0.566891943211426,1.6070912300116396,1.0523402761171794,1.700172874608487,1.857221161129936,2.196723316004063,2.393241376125408,2.4959643986832027,1.2845296539938265,1.307167360148023,1.1233690632396054,0.4434131918896425,-0.1375324165562201,-0.3510812034752093,0.1696500319822387,0.5477132469500099,0.6266516812123427,0.1165462169752757,0.6694380086992316,0.5438368854773076,0.1130660612689912,0.2625680747597902,0.152375571862271,-0.0077171553162563,-0.1994173088009326,-0.4224483236117087,-0.5407402295002443,-0.7078260997490544,-0.7623500230649293,-0.8095252197643513,-0.2192971557161098,0.7640087637328171,0.3904473811383322,0.6676829061892022,-0.6146314919917383,-1.2193221794499909,-0.6369564626955007,-0.1993922677063057,-0.6978424934929106,-0.8987088006065447,-0.6752849188420224,-0.1207732465197502,1.152767864985975,1.5239564647323762,0.4892072330947658
0.3937240697869261,0.3645738151449707,0.6524815096628531,0.3395284188790695,0.449219753686567,-0.0527262639524011,0.0120378310954719,0.1372521989096191,0.5954953286882346,1.7678576807433442,1.566939095486102,2.0041664267327493,1.520639084795889,1.6989004327112291,1.8750124375949049,1.7331112297493894,0.7870273562023715,1.0742186030429308,0.2407065707804052,-0.6850779519117525,-0.6004921377937987,-0.1826088938323481,-0.8849811491757867,-0.6484188715259446,-0.4615900034703151,-0.5523547583537528,-0.6041626707880939,-0.4256923589667884,-0.1255752019495528,1.269900897588773,0.5672898263529966,-0.133171901851109,-0.2757597053873695,-0.3861372154349223,-0.5263368600471806,-1.5766041666576809,-1.6771305211433016,-2.6461705723481,-1.9979792521446305,-1.9463201791925016,-1.9355583278155928,-1.523197701366053,-1.0522674773032,-0.6582956745692983,0.1624102759134693,0.4605572018182098,-0.0040738326318612,0.160545157429793,0.656789866087949,1.030462317967203,0.6176543321699516,0.6771346255983524,0.4647827294920422,-0.0901804162618541,-0.4084173086650055,-0.3483996794786602,-1.1783593253416622,-0.8410167410951682,-0.9515733630621056,-1.6138544004673967,-0.8015368582055338,-0.6547992080881563,0.1204720188637248,-0.0701476310333867,-0.050758555543238,0.4342021021987577,0.6941683373045793,0.5439384252112163,1.0958272368008553,0.9415076025499166,1.0674682700277618,0.3937240697869261
-1.7286038087425364,-1.9586647105662232,-1.032916710684501,0.3331034536590371,-1.8136486848291304,0.3266055737985529,0.3242803404884442,0.357643772045604,0.0684656465363533,1.3424510421880762,0.1781028808188478,0.470859925959593,-0.3539000925369882,1.7493219279588732,-0.230071365636953,0.6224518912717705,0.8990860572252235,0.2240504845113625,2.158066246873407,0.517925202834684,-0.8681125473528181,-1.1976818441582835,-0.7590631263743124,-0.8433463288842659,-2.1763129350821053,-1.4494137785043666,0.6498614955231127,1.284725883409632,0.7259933714953419,1.7062400619625613,0.3437988172505176,0.4631509378041877,1.710852681447744,1.6588152373117864,0.5362857938340275,0.9969894971705232,1.187634974128054,0.4178774861902651,-0.3485210685825256,-0.1700517243445008,-0.588212883348517,-0.3781695673687773,-0.0430059910337742,0.1522580190238315,0.7400973426148255,1.07039046586251,1.0587441930233716,0.8824262218216031,1.070384552248222,0.961161270995864,1.0509547797070629,0.6555503928884484,0.6143455082062428,0.4574253760272709,0.1978058623604999,-0.2903050797816141,-0.1011711227482097,-0.2391132825511936,-0.2406827559001418,-0.671775807584228,-0.5738368859508014,-0.5513899871774658,-0.8976699764730278,-0.671419807978309,-0.8693189247568965,-0.9650225000239948,-0.9557594139185864,-1.122756345589545,-1.4012698583034078,-1.42097757073649,-1.5254143722304008,-1.7286038087425364
1.1932383600038252,1.1545445178866551,0.5102722234835315,-0.0834310412352362,-0.5061839043692655,-0.7072350585778184,-0.6404682569145393,0.0919244648270241,-0.1376661623653702,0.8969168732210966,1.0190960822830724,1.1606748418678643,0.7918501252203004,0.7654990843753184,0.6549097268315262,0.3131923015851445,0.0655041071268967,-0.1585140317274759,-0.6961018180889372,-1.0702907057534468,-1.1552830724733565,-1.58449377256003,-1.700942054758118,-1.157987896844423,-1.476998734096563,-1.4556451084215831,-1.405153097464966,-0.5670653749571783,-0.5094905750848718,-0.1443352506856516,0.459916278946287,0.2880555893495019,0.2706361536442841,0.2090274062117928,-0.9098438248685126,-0.7997209807618989,-1.0047301640705424,-1.4129008147310362,-1.4866180064493886,-1.7837034456612804,-1.6654822656990258,-1.414094238256974,-1.292513941492977,-1.0325588642228147,-0.7182069264940902,-0.4086723268146433,-0.0385173867103167,-0.0544786011679963,-0.0981720589902754,0.7671791929100119,0.4465278567546911,-0.0598123314496659,0.522956474449241,0.465904668414822,0.4395015482395261,-0.0324402423266959,0.1082792083085367,0.1138007175837036,0.0744819235034864,-0.0302745490507087,0.2023909591620754,0.7267527961721968,0.8589572763096359,1.5794759107512937,1.481411632135518,1.558151625544128,1.886669141104236,2.0488713154726845,1.7282199793173667,1.543625893471116,1.8083722691254929,1.1932383600038252
1.1831936184938323,0.7090701082827163,0.1639004213361065,0.1700733033605805,-0.1837716048711616,-0.4212462082663869,-0.4851197060343732,-0.2895610454277524,0.0612085164228374,0.1263391212311268,0.7530223425840911,0.8057918215464497,1.2169127625261318,1.4568866449215243,0.8532742821013312,1.1678693727270344,0.9119742680715448,0.2392547286483606,-0.3946545112445835,-0.0130730254108018,-1.2757636520731157,-1.2753471766925828,-1.489826450389473,-2.6869849319429755,-1.4696640920556745,-1.739586650795766,-1.5648722416153589,-1.3363202818764277,-0.529461532571662,-0.4498187236455383,0.0556466925390128,-0.307681138216691,0.0612665498777651,0.1533007815263863,-0.4139250319293014,-0.0992996444266011,-0.3673134999109752,-0.8780659345030035,-0.6994735250571636,-1.78680582722193,-1.9535069257750624,-2.1053928514395355,-1.6021391072810998,-0.9720020419419464,-0.1528124636684595,0.2706999000339353,0.1701974778850396,0.3206743854072502,1.1627078089936569,0.8878771561678898,1.1089154903925715,1.0804590419228424,0.7942367633173928,0.8149824432139103,0.7220239434560434,0.0139176516118111,-0.7075192661443852,-0.9782598405655312,-0.6168257779853245,0.1878818930473194,0.5475890336344329,0.1905326564328995,0.4297794137786565,0.592375072129964,1.045911641011712,0.6099016021581973,1.1621150996660456,1.653522764888776,1.6243391913694116,1.4147377148811997,1.1685376108890784,1.1831936184938323
1.748397947336768,1.423011236569135,1.1564255199948763,0.9424559369439768,0.931780035036799,0.8657989297498621,1.0229508654356625,0.9089848024887268,0.9355375788157312,1.0896120234437798,1.154200198961757,1.1499481861561016,1.1313843460034494,0.8693401696311067,0.7852526606442862,0.7539605565047636,0.6674528846471407,0.6588983600710732,0.4638419016766353,0.1530359252415944,0.0975720709483436,-0.3626565538405211,-0.2932878096889155,-0.4132594619817163,-0.8570250035385885,-0.7720596542199821,-0.3475544177000286,-0.6225061293831836,-0.265914846014318,-0.308441286442874,0.0790145431664185,0.4910604226848877,0.4339831264778374,0.632277830966669,0.7702776135642886,0.1818401137331265,0.083859077154967,0.1994200657286148,-0.5848713553101288,-0.7012277025735604,-0.930017048388556,-1.221222693425876,-1.320189722284984,-1.1943505111491537,-0.9372249339130592,-0.569429192809258,-0.465102540524428,-0.1570340287867607,-0.0209464736424207,-0.3365031401572051,-1.043797527641244,-0.4980749977058023,-0.9698068657692984,-1.0390746119918113,-0.956768453975932,-1.4715553182957417,-1.694159803440927,-1.6529366571196784,-1.4716428498340324,-1.797268589033166,-2.025579877984736,-1.8567155491464769,-1.4800159989625796,-0.2458915857895419,0.0389911680753456,0.4369642486787456,0.9011482048571452,1.3462397650555555,1.7296022327724785,1.505085520173798,1.396109175738318,1.748397947336768
0.8446256338587933,0.7455893464795402,0.8677351658610684,0.8661989345822256,1.1517419299995533,0.1650168432104767,0.3320680512062227,1.0373303338667563,0.7087690721499197,0.4764391355197681,0.9647484147991062,1.0801661151674478,1.624184219876319,1.6484839656083763,0.9208106840261716,0.6949781880430805,-0.071141487900543,0.1596153955520552,0.187336870381971,-0.4665193340261903,-0.5619032139413207,-0.2993896087463631,-0.8738924551928934,-0.9221795020151422,-1.1652359826720824,-0.6449008568898513,-0.7818068427150568,-0.5990310594256014,-0.1180650414693164,0.1901997730157171,0.2486783633349311,0.555174643679303,0.0659458999264011,-0.6924844971449673,-0.6866390207063494,-0.792787891042668,-1.3007784752439469,-1.739834674355311,-1.605386008777924,-1.9687412573919223,-1.9923841654284664,-1.6976140353643514,-1.5492862214225824,-1.4114542731416029,-1.1265264200338725,-1.0089557215814016,-0.0634034741620961,0.0486309435023833,-0.0479832210322109,-0.0359863214958696,0.0603619672692965,-0.1251787074231874,-0.0999562482265993,-0.2316335244187463,-0.7469673699430857,-0.4112902762783472,-0.8986351467076572,-1.1260439448595492,-0.8075523894743944,-0.2179753074471775,-0.0487711013673061,0.5927855058365136,0.5254290474108163,0.1023665483538331,0.7559184305983012,2.4051550340137924,1.3910176680448767,1.3522653270242098,2.2476450298017125,1.0052129741152187,2.0710639894910363,0.8446256338587933
1.1292521394597062,0.8571235027801599,0.7138954514635204,0.5967556740113488,0.5590363061226775,0.268838475732962,0.2992462713388204,0.0898870721118539,0.0052438290842798,0.1464830163426886,0.3282203092714069,0.282534387954267,0.5594150903995991,0.2109301031676508,0.0850708892158488,0.0435871059708137,-0.2170556866449026,-0.6094179989133698,-0.6869176072183671,-0.8319490761242887,-1.0656806761696405,-1.142199785591065,-1.3884152374924126,-1.35350765236768,-1.5558807970496888,-1.7756052701878835,-1.8221316191195072,-1.7791174092972153,-1.7058302964470022,-1.5491832695907153,-1.256737147369823,-1.5414897071743945,-1.2849193387443107,-1.359897664206046,-0.7922465160773218,-0.7513333752912059,-1.1377951853500774,-0.92552235576391,-0.752889695324791,-1.119321313906534,-0.9562134997643488,-1.0415746080459658,-0.7345610738416157,0.0441424589601639,0.0193096478259864,0.2164722892611712,0.3086690234360372,0.294936860375784,0.2385880137005186,0.4278891551590836,0.7576117438615676,0.5237400725471868,0.4686693762022668,0.5458609756778747,0.7477860402614633,0.9491333108601628,0.6093327423105404,0.9202682720488108,1.0067045752831696,1.026186811901434,1.1658852152000905,1.113318292789783,1.3488779708591607,1.379005623926775,1.3979100665601485,1.550512535522013,1.4742560597300567,1.4682453253773329,1.303726441161869,1.305822331506643,1.2197608668796958,1.1292521394597062
0.3555643035850893,0.3479593890712053,0.3678919887082389,0.0268694998419685,-0.1545066246582378,-0.1184313443123523,0.1314157592482639,0.2320617624308261,0.2263559868241621,0.2283654630265091,0.5027826761958119,0.2377257436074448,0.9208139103174654,0.2805583474237325,0.2538433476587707,-0.0937074312005532,-0.0509851646802379,-0.1412026216464524,-0.7368284202268217,-0.5619973034909155,-0.964860503015279,-0.8033233586282443,-0.8944903850480791,-0.7587103120865426,-1.0854892591511875,-1.2745806354608322,-0.913515209661962,-0.6180887723343618,-1.038875095292982,-0.778582727744344,-0.9477331455311028,-0.9876234214635364,-1.1282867556457623,-1.1357729739778402,-0.9819510814002436,-1.2915190821206222,-1.0769247445203562,-0.8946157683386424,-1.278250186429695,-1.3714350479385504,-1.089302582959394,-1.2613017091069791,-1.1319312299562654,-0.8573953206059902,-0.7064221363892195,-0.8868486914358173,-0.1839382623847144,-0.1156963168016531,-0.1185533840483338,0.1265458722446545,0.261613768115762,-0.0301498053513084,-0.2286181800144054,-0.106132079401313,0.4638386261623937,0.853391135566212,0.5587788537383037,1.0034063914431035,1.1212633409703718,1.209564941257683,0.3983868767380237,1.0756589305450164,1.2237834064017916,1.8611735431630367,2.0151141319220214,1.7462589215200384,1.706487341769836,2.033130874880149,2.93758742043212,1.3301953691706867,2.404624846895367,0.3555643035850893
0.6926779719164382,0.6246790976959805,0.8975410475310743,0.4872166311666697,0.1438507560526846,-0.0455104741838675,0.4367015397797624,0.6224127632674422,1.0561844575453638,1.899240235218426,1.5967818438998802,1.6711744925589933,1.5497134080583206,1.3755224723234925,1.4416499260462765,1.092215933131903,1.3006302870123294,0.5837612989844465,0.1232179766823814,-0.0686541988514292,-0.2612587334305468,-0.3895202947761823,-1.139763930708492,-1.0947702665681416,-1.4120850842263617,-1.1032329184691605,-0.9618817285603496,-0.4378206263143557,0.1883522513384259,0.3783530063753057,0.8195529138230538,0.9265878513412664,0.8461388733572077,0.8100499289520181,0.6909951670289068,0.1400578140376023,-0.5399839763031873,-0.5869536836616545,-1.5575327693976957,-1.4697484124887894,-1.7478297098830895,-2.5516401788160468,-2.4178218247975165,-1.5546784847493875,-0.8614424431249799,-0.4488045384294811,0.4571294943871927,0.4754443647476675,0.5440827637676995,0.1512303417613921,0.2534526341267157,0.1116947418101121,-0.0994280143330051,-0.3179789836467021,-0.7459846398101104,-1.206632584833361,-1.3205608334422685,-1.3574867596132074,-1.21111367910989,-1.2857037847344357,-0.2818428853397203,-0.7290991221124349,-0.5333441174372273,-0.3817399008985176,0.4588049314772965,0.4284702367111775,0.9015800739734612,1.043872868369207,0.9507645411799192,0.7095104414742183,0.5478742322234443,0.6926779719164382
-0.4830159099381477,-0.5370502089031215,-1.025171929896877,-1.1244054095231113,-1.1576138625509205,-1.1699825579208685,-1.071377457004285,-0.9817732394020006,-0.6306564954626274,-0.7690792923934566,-0.5561059353317818,-0.187724745962873,-0.3315870257001745,-0.6413604868981277,-0.3110556771752223,-0.4576029190140174,-0.2664709635030162,-0.5043208285118574,-0.7960507879191212,-1.2397523846127696,-1.3844215441526186,-1.654198808243431,-1.6736068343042474,-1.6951294419164644,-1.7179875747189304,-1.2878939921788792,-1.3063142860676824,-1.2829437708747828,-0.8085691812418002,-0.6066417304421376,-0.3807582965402054,-0.0674675212735861,0.533044640244565,0.6199778074661539,0.5852112417162387,0.4718434538253757,0.4208279982594294,0.6134067727266584,1.1323266921463249,0.8750004181114608,1.059788628968163,1.2419197011649643,1.135994683866393,1.2273796017224416,1.9343442502887789,1.8552827657253324,1.7804226208231928,1.7899648856076051,1.8761189964680416,1.5898285198672517,1.6978101205576648,1.545920777957479,1.3744298208445962,0.967009991822394,1.124183437024411,0.6658884452820197,0.0979273590020514,-0.2191914907429141,0.0527814739470128,-0.2461825802414835,-0.1476887730908774,0.2359535739220495,0.485779079205161,0.3296466617813768,0.2325416754273399,0.186311851793492,0.3987148283051734,0.1848905050020898,-0.2043606167429466,-0.45834807780194,-0.4555947327352447,-0.4830159099381477
0.3613624128977696,-0.0951643652477399,-0.0434334340813036,0.0592053301541052,1.1417832460768953,-0.4577518738506316,-0.1336918782778198,0.8463962896653067,0.7198765353263853,0.5992183622271516,1.1350865959040322,1.4642754750619331,1.6307175510934135,2.047624993506429,1.8054562413039488,1.5105039500362984,0.8947180096022599,1.118603581784949,0.0930051889628895,0.2779698617127766,-0.1084230968977193,-0.0546113043907436,-0.953306463369135,-1.3167513314250208,-1.6128759389406089,-0.8628548346637845,-1.454520368295486,-0.9217001568635744,-0.6586299140921181,-0.7370847022637417,0.2306062213570477,-0.2954096023876775,0.6652181158389442,-0.4994462918999133,-0.4939046209037405,-1.1550005843224025,-1.2029751500464128,-0.9647580117323054,-1.5423557503883465,-1.1758285987323749,-1.6537208404975523,-1.828334868909895,-1.9525392986592751,-1.2787480584071969,-1.9522705740543247,-1.6049987167715671,-0.5843190987421041,0.1626539832899597,-0.2010253480155573,0.5288319167960819,0.996178265778185,0.7432242040946421,1.0996108202053507,0.8511115602639264,-0.1944162087738977,-0.8824754458959467,-0.1948508739178326,0.4454121216416581,-0.573386836942199,-0.5388010309023107,-0.0761146390058313,0.9908128550067692,0.157767405915571,0.6021656643434771,0.4256759299345195,0.9274883766073058,1.2135653257456218,0.8475413619440244,1.4145638999108674,0.9697602842449357,0.917125761434885,0.3613624128977696
